IE_XML_ID;IE_NAME;IE_ID;IE_ACTIVE;IE_ACTIVE_FROM;IE_ACTIVE_TO;IE_PREVIEW_PICTURE;IE_PREVIEW_TEXT;IE_PREVIEW_TEXT_TYPE;IE_DETAIL_PICTURE;IE_DETAIL_TEXT;IE_DETAIL_TEXT_TYPE;IE_CODE;IE_SORT;IE_TAGS;IP_PROP40;IP_PROP45;IP_PROP46;IP_PROP41;IP_PROP42;IP_PROP43;IC_GROUP0;IC_GROUP1;IC_GROUP2
410;Умные часы для детей Jet Kid CONNECT, голубой;410;Y;;;;;text;;;text;;500;;/upload/iblock/881/bw6cvdtnotuk76yo1qfah0ou8yawa3pr.png;;3321|RUB;да;;;;;
410;Умные часы для детей Jet Kid CONNECT, голубой;410;Y;;;;;text;;;text;;500;;/upload/iblock/881/bw6cvdtnotuk76yo1qfah0ou8yawa3pr.png;;3321|RUB;да;;;;;
411;"15.6"" Ноутбук Lenovo IdeaPad L340-15API, AMD Ryzen...";411;Y;;;;;text;;;text;;500;;/upload/iblock/654/ty25hjse4ehimc62t07at740bh2p2y3i.png;2453|RUB;1929|RUB;;да;;;;
413;Смартфон Xiaomi Redmi 9C 3/64GB, серый;413;Y;;;;;text;;;text;;500;;/upload/iblock/ee5/5ccopb9um043379awxmo9liznro7goag.png;;5768|RUB;да;;;;;
414;Утюг Philips EasySpeed GC1741/70, зеленый, белый;414;Y;;;;;text;;;text;;500;;/upload/iblock/4d5/7gvsm9f847pu3uf5tuu2lpk3iwut3sbc.png;2453|RUB;1929|RUB;;;;;;
415;Робот-пылесос Xiaomi Mi Robot Vacuum-Mop Essential, белый;415;Y;;;;;text;;;text;;500;;/upload/iblock/ee5/5ccopb9um043379awxmo9liznro7goag.png;2453|RUB;1929|RUB;да;;;;;
416;Робот-пылесос Xiaomi Mi Robot Vacuum-Mop Essential, белый;416;Y;;;;;text;;;text;;500;;/upload/iblock/ee5/5ccopb9um043379awxmo9liznro7goag.png;2453|RUB;1929|RUB;да;;;;;
416;Робот-пылесос Xiaomi Mi Robot Vacuum-Mop Essential, белый;416;Y;;;;;text;;;text;;500;;/upload/iblock/ee5/5ccopb9um043379awxmo9liznro7goag.png;2453|RUB;1929|RUB;да;;;;;
417;Робот-пылесос Xiaomi Mi Robot Vacuum-Mop Essential, белый;417;Y;;;;;text;;;text;;500;;/upload/iblock/ee5/5ccopb9um043379awxmo9liznro7goag.png;2453|RUB;1929|RUB;да;;;;;
417;Робот-пылесос Xiaomi Mi Robot Vacuum-Mop Essential, белый;417;Y;;;;;text;;;text;;500;;/upload/iblock/ee5/5ccopb9um043379awxmo9liznro7goag.png;2453|RUB;1929|RUB;да;;;;;
417;Робот-пылесос Xiaomi Mi Robot Vacuum-Mop Essential, белый;417;Y;;;;;text;;;text;;500;;/upload/iblock/ee5/5ccopb9um043379awxmo9liznro7goag.png;2453|RUB;1929|RUB;да;;;;;
